<?xml version="1.0" encoding="UTF-8" ?>

<!DOCTYPE mapper PUBLIC "-//mybatis.org//DTD Mapper 3.0//EN" 
	"http://mybatis.org/dtd/mybatis-3-mapper.dtd"> 
	
<mapper namespace="sql.product">

	<insert id="insert"		parameterType="product">
		insert into product2(id, name, price, description)
		values(
				#{id:VARCHAR}
				,#{name:VARCHAR}
				,#{price:INTEGER}
				,#{description:VARCHAR}
		)
	</insert>
	
	<update id="update"		parameterType="product">
		update product2 set name=#{name:VARCHAR}
					, price=#{price:INTEGER}
					, description=#{description:VARCHAR}
		where id=#{id:VARCHAR}
	</update>
	
	<delete id="delete"		parameterType="string">
		delete from product2 where id=#{id}
	</delete>
	
	<select id="select"		parameterType="string"		resultType="product">
		select *
		from product2
		where id=#{id}
	</select>
	
	<select id="selectAll"	resultType="product">
		select *
		from product2
	</select>
</mapper>






